tag,count
programming and technology,1528
games and entertainment,609
writing and literature,591
language and translation,305
education and academia,215
business and management,202
maths and data science,162
health,108
film and theatre,105
art and culture,103
physical sciences,91
history,84
workplace and career,81
money and finance,77
media and communications,69
engineering and construction,64
politics and governance,50
other,49
travel and tourism,46
music and pop-culture,45
family and relationships,42
society and social sciences,41
life sciences,41
lifestyle and self-improvement,41
spirituality and religion,40
environment and sustainability,37
law and justice,33
sports,25
philosophy and ethics,23
conflict and security,23
cognitive sciences,20
cooking and baking,17
